,COMP1,COMP2,COMP3
COMP1,1.0,4.156289583725648e-15,-4.6760372787478124e-14
COMP2,4.156289583725648e-15,1.0,-6.2342808691963216e-12
COMP3,-4.6760372787478124e-14,-6.2342808691963216e-12,1.0
