{"accuracy": 0.9302325581395349, "precision": 0.9333333333333333, "recall": 0.875, "F1_score": 0.9032258064516129}